{"version": 2, "width": 120, "height": 30, "timestamp": 1630365124, "env": {"SHELL": "/bin/bash", "TERM": "xterm-256color"}}
[1.469538, "o", "(base) \u001b]0;stbrown@ironhide: /mnt/c/Users/shawn\u0007\u001b[01;32mstbrown@ironhide\u001b[00m:\u001b[01;34m/mnt/c/Users/shawn\u001b[00m$ "]
[1.913516, "o", "p"]
[2.14495, "o", "i"]
[2.398174, "o", "p"]
[2.580531, "o", " "]
[2.760014, "o", "i"]
[2.852107, "o", "n"]
[2.95823, "o", "s"]
[3.073891, "o", "t"]
[3.181008, "o", "a"]
[3.3716, "o", "l"]
[3.534354, "o", "l"]
[3.742559, "o", " "]
[5.484472, "o", "f"]
[5.66937, "o", "l"]
[5.915811, "o", "a"]
[6.053302, "o", "s"]
[6.253274, "o", "k"]
[6.43767, "o", " "]
[6.710149, "o", "\r\n"]
[8.733479, "o", "Collecting flask\r\n"]
[8.896735, "o", "  Downloading Flask-2.0.1-py3-none-any.whl (94 kB)\r\n\u001b[?25l"]
[8.898312, "o", "\r\u001b[K     |███▌                            | 10 kB 8.6 MB/s eta 0:00:01"]
[8.901859, "o", "\r\u001b[K     |███████                         | 20 kB 4.3 MB/s eta 0:00:01"]
[8.903914, "o", "\r\u001b[K     |██████████▍                     | 30 kB 4.4 MB/s eta 0:00:01"]
[8.905359, "o", "\r\u001b[K     |█████████████▉                  | 40 kB 4.9 MB/s eta 0:00:01"]
[8.915223, "o", "\r\u001b[K     |█████████████████▎              | 51 kB 2.9 MB/s eta 0:00:01"]
[8.915807, "o", "\r\u001b[K     |████████████████████▊           | 61 kB 3.3 MB/s eta 0:00:01"]
[8.919125, "o", "\r\u001b[K     |████████████████████████▏       | 71 kB 3.2 MB/s eta 0:00:01"]
[8.919231, "o", "\r\u001b[K     |███████████████████████████▋    | 81 kB 3.7 MB/s eta 0:00:01"]
[8.921247, "o", "\r\u001b[K     |███████████████████████████████ | 92 kB 3.8 MB/s eta 0:00:01"]
[8.921699, "o", "\r\u001b[K     |████████████████████████████████| 94 kB 3.9 MB/s \r\n"]
[9.207304, "o", "\u001b[?25hCollecting Jinja2>=3.0\r\n"]
[9.232553, "o", "  Downloading Jinja2-3.0.1-py3-none-any.whl (133 kB)\r\n\u001b[?25l"]
[9.234827, "o", "\r\u001b[K     |██▌                             | 10 kB 4.8 MB/s eta 0:00:01"]
[9.237304, "o", "\r\u001b[K     |█████                           | 20 kB 4.5 MB/s eta 0:00:01"]
[9.237695, "o", "\r\u001b[K     |███████▍                        | 30 kB 6.3 MB/s eta 0:00:01"]
[9.238149, "o", "\r\u001b[K     |█████████▉                      | 40 kB 7.8 MB/s eta 0:00:01"]
[9.238555, "o", "\r\u001b[K     |████████████▎                   | 51 kB 9.0 MB/s eta 0:00:01"]
[9.23891, "o", "\r\u001b[K     |██████████████▊                 | 61 kB 10.1 MB/s eta 0:00:01"]
[9.239146, "o", "\r\u001b[K     |█████████████████▏              | 71 kB 11.0 MB/s eta 0:00:01"]
[9.239636, "o", "\r\u001b[K     |███████████████████▋            | 81 kB 12.0 MB/s eta 0:00:01"]
[9.241387, "o", "\r\u001b[K     |██████████████████████          | 92 kB 10.5 MB/s eta 0:00:01"]
[9.241841, "o", "\r\u001b[K     |████████████████████████▌       | 102 kB 11.3 MB/s eta 0:00:01"]
[9.243329, "o", "\r\u001b[K     |███████████████████████████     | 112 kB 11.3 MB/s eta 0:00:01"]
[9.245065, "o", "\r\u001b[K     |█████████████████████████████▍  | 122 kB 11.3 MB/s eta 0:00:01"]
[9.24542, "o", "\r\u001b[K     |███████████████████████████████▉| 133 kB 11.3 MB/s eta 0:00:01"]
[9.245698, "o", "\r\u001b[K     |████████████████████████████████| 133 kB 11.3 MB/s \r\n"]
[9.572001, "o", "\u001b[?25hCollecting Werkzeug>=2.0\r\n"]
[9.600824, "o", "  Downloading Werkzeug-2.0.1-py3-none-any.whl (288 kB)\r\n\u001b[?25l"]
[9.602081, "o", "\r\u001b[K     |█▏                              | 10 kB 10.2 MB/s eta 0:00:01"]
[9.60254, "o", "\r\u001b[K     |██▎                             | 20 kB 15.2 MB/s eta 0:00:01\r\u001b[K     |███▍                            | 30 kB 19.7 MB/s eta 0:00:01"]
[9.603184, "o", "\r\u001b[K     |████▌                           | 40 kB 18.8 MB/s eta 0:00:01"]
[9.604096, "o", "\r\u001b[K     |█████▊                          | 51 kB 16.6 MB/s eta 0:00:01"]
[9.604583, "o", "\r\u001b[K     |██████▉                         | 61 kB 18.2 MB/s eta 0:00:01\r\u001b[K     |████████                        | 71 kB 19.3 MB/s eta 0:00:01"]
[9.605056, "o", "\r\u001b[K     |█████████                       | 81 kB 20.5 MB/s eta 0:00:01"]
[9.605378, "o", "\r\u001b[K     |██████████▎                     | 92 kB 20.9 MB/s eta 0:00:01"]
[9.605597, "o", "\r\u001b[K     |███████████▍                    | 102 kB 22.1 MB/s eta 0:00:01\r\u001b[K"]
[9.605726, "o", "     |████████████▌                   | 112 kB 22.1 MB/s eta 0:00:01"]
[9.606065, "o", "\r\u001b[K     |█████████████▋                  | 122 kB 22.1 MB/s eta 0:00:01"]
[9.60642, "o", "\r\u001b[K     |██████████████▉                 | 133 kB 22.1 MB/s eta 0:00:01\r\u001b[K     |████████████████                | 143 kB 22.1 MB/s eta 0:00:01"]
[9.60672, "o", "\r\u001b[K     |█████████████████               | 153 kB 22.1 MB/s eta 0:00:01\r\u001b[K"]
[9.606869, "o", "     |██████████████████▏             | 163 kB 22.1 MB/s eta 0:00:01"]
[9.606985, "o", "\r\u001b[K"]
[9.607347, "o", "     |███████████████████▎            | 174 kB 22.1 MB/s eta 0:00:01\r\u001b[K     |████████████████████▌           | 184 kB 22.1 MB/s eta 0:00:01"]
[9.607867, "o", "\r\u001b[K     |█████████████████████▋          | 194 kB 22.1 MB/s eta 0:00:01"]
[9.619999, "o", "\r\u001b[K     |██████████████████████▊         | 204 kB 22.1 MB/s eta 0:00:01"]
[9.620657, "o", "\r\u001b[K     |███████████████████████▉        | 215 kB 22.1 MB/s eta 0:00:01"]
[9.620926, "o", "\r\u001b[K     |█████████████████████████       | 225 kB 22.1 MB/s eta 0:00:01"]
[9.621131, "o", "\r\u001b[K     |██████████████████████████▏     | 235 kB 22.1 MB/s eta 0:00:01"]
[9.621214, "o", "\r\u001b[K"]
[9.621416, "o", "     |███████████████████████████▎    | 245 kB 22.1 MB/s eta 0:00:01"]
[9.623013, "o", "\r\u001b[K     |████████████████████████████▍   | 256 kB 22.1 MB/s eta 0:00:01"]
[9.623763, "o", "\r\u001b[K     |█████████████████████████████▋  | 266 kB 22.1 MB/s eta 0:00:01"]
[9.623945, "o", "\r\u001b[K     |██████████████████████████████▊ | 276 kB 22.1 MB/s eta 0:00:01"]
[9.62417, "o", "\r\u001b[K     |███████████████████████████████▉| 286 kB 22.1 MB/s eta 0:00:01"]
[9.624435, "o", "\r\u001b[K     |████████████████████████████████| 288 kB 22.1 MB/s \r\n"]
[9.830765, "o", "\u001b[?25hCollecting click>=7.1.2\r\n"]
[9.854212, "o", "  Downloading click-8.0.1-py3-none-any.whl (97 kB)\r\n\u001b[?25l"]
[9.857225, "o", "\r\u001b[K     |███▍                            | 10 kB 3.6 MB/s eta 0:00:01"]
[9.857974, "o", "\r\u001b[K     |██████▊                         | 20 kB 5.7 MB/s eta 0:00:01"]
[9.858329, "o", "\r\u001b[K     |██████████                      | 30 kB 7.8 MB/s eta 0:00:01"]
[9.858714, "o", "\r\u001b[K     |█████████████▌                  | 40 kB 9.8 MB/s eta 0:00:01"]
[9.859154, "o", "\r\u001b[K     |████████████████▉               | 51 kB 11.8 MB/s eta 0:00:01\r\u001b[K     |████████████████████▏           | 61 kB 13.2 MB/s eta 0:00:01\r\u001b[K     |███████████████████████▌        | 71 kB 14.6 MB/s eta 0:00:01"]
[9.859598, "o", "\r\u001b[K     |███████████████████████████     | 81 kB 15.7 MB/s eta 0:00:01\r\u001b[K     |██████████████████████████████▎ | 92 kB 17.0 MB/s eta 0:00:01"]
[9.860078, "o", "\r\u001b[K     |████████████████████████████████| 97 kB 16.9 MB/s \r\n"]
[10.138623, "o", "\u001b[?25hCollecting itsdangerous>=2.0\r\n"]
[10.157812, "o", "  Downloading itsdangerous-2.0.1-py3-none-any.whl (18 kB)\r\n"]
[10.463655, "o", "Collecting MarkupSafe>=2.0\r\n"]
[10.494969, "o", "  Downloading MarkupSafe-2.0.1-cp38-cp38-manylinux2010_x86_64.whl (30 kB)\r\n"]
[10.641323, "o", "Installing collected packages: MarkupSafe, Jinja2, Werkzeug, click, itsdangerous, flask\r\n"]
[12.420478, "o", "Successfully installed Jinja2-3.0.1 MarkupSafe-2.0.1 Werkzeug-2.0.1 click-8.0.1 flask-2.0.1 itsdangerous-2.0.1\r\n"]
