{"version": 2, "width": 140, "height": 56, "timestamp": 1630593473, "env": {"SHELL": "/bin/bash", "TERM": "xterm-256color"}}
[1.243918, "o", "(base) \u001b]0;stbrown@ironhide: /mnt/c/Users/shawn/Programs/ms-das/test/simple-python-example\u0007\u001b[01;32mstbrown@ironhide\u001b[00m:\u001b[01;34m/mnt/c/Users/shawn/Programs/ms-das/test/simple-python-example\u001b[00m$ "]
[2.093737, "o", "v"]
[2.397196, "o", "i"]
[2.742, "o", " "]
[3.044755, "o", "m"]
[3.244893, "o", "a"]
[3.508728, "o", "i"]
[3.821489, "o", "n"]
[4.157967, "o", "."]
[4.436318, "o", "p"]
[4.708643, "o", "y"]
[5.044683, "o", "\r\n"]
[5.086026, "o", "\u001b[?1049h\u001b[22;0;0t\u001b[>4;2m\u001b[?1h\u001b=\u001b[?2004h\u001b[1;56r\u001b[?12h\u001b[?12l\u001b[22;2t\u001b[22;1t"]
[5.103807, "o", "\u001b[27m\u001b[23m\u001b[29m\u001b[m\u001b[H\u001b[2J\u001b[?25l\u001b[56;1H\"main.py\""]
[5.105869, "o", " 48L, 1140C"]
[5.111939, "o", "\u001b[2;1H▽\u001b[6n\u001b[2;1H  \u001b[1;1H\u001b[>c\u001b]10;?\u0007\u001b]11;?\u0007"]
[5.117574, "o", "\u001b[1;1H\u001b[35mimport\u001b[m os\r\n\r\n\u001b[38;5;130mdef\u001b[m \u001b[36mprint_message_from_file\u001b[m(filename):\r\n    \u001b[38;5;130mwith\u001b[m \u001b[36mopen\u001b[m(filename, \u001b[31m\"r\"\u001b[m) \u001b[38;5;130mas\u001b[m f_to_read:\u001b[5;9Hmessage = f_to_read.read()\u001b[6;9H\u001b[36mprint\u001b[m(\u001b[31m\"This is the message\"\u001b[m)\u001b[7;9H\u001b[36mprint\u001b[m(\u001b[31m\"{}\"\u001b[m.format(message))\r\n\r\n\u001b[38;5;130mdef\u001b[m \u001b[36mprint_separator\u001b[m(num_chars=\u001b[31m45\u001b[m):\r\n    \u001b[36mprint\u001b[m(\u001b[31m\"{}\"\u001b[m.format(\u001b[31m\"\"\u001b[m.join([\u001b[31m\"-\"\u001b[m \u001b[38;5;130mfor\u001b[m x \u001b[38;5;130min\u001b[m \u001b[36mrange\u001b[m(\u001b[31m0\u001b[m, num_chars)])))\r\n\r\n\u001b[38;5;130mdef\u001b[m \u001b[36mmain\u001b[m():\r\n    \u001b[38;5;130mfor\u001b[m i \u001b[38;5;130min\u001b[m \u001b[36mrange\u001b[m(\u001b[31m0\u001b[m, \u001b[31m10\u001b[m):\u001b[14;9H\u001b[36mprint\u001b[m(\u001b[31m\"Hello World!#{}\"\u001b[m.format(i))\u001b[16;5Hsample_list = [\u001b[31m0\u001b[m, \u001b[31m1\u001b[m, \u001b[31m2\u001b[m, \u001b[31m3\u001b[m, \u001b[31m4\u001b[m,\u001b[17;20H\u001b[31m5\u001b[m, \u001b[31m6\u001b[m, \u001b[31m7\u001b[m, \u001b[31m8\u001b[m, \u001b[31m9\u001b[m]\u001b[19;5Hprint_separator()\u001b[21;5H\u001b[38;5;130mfor\u001b[m i \u001b[38;5;130min\u001b[m sample_list:\u001b[22;9H\u001b[36mprint\u001b[m(\u001b[31m\"Hello List!#{}\"\u001b[m.format(i))\u001b[24;5Hprint_separator()\u001b[26;5Hsample_list_comp = [x \u001b[38"]
[5.117819, "o", ";5;130mfor\u001b[m x \u001b[38;5;130min\u001b[m \u001b[36mrange\u001b[m(\u001b[31m0\u001b[m,\u001b[31m1\u001b[m)]\u001b[28;5H\u001b[38;5;130mfor\u001b[m i \u001b[38;5;130min\u001b[m sample_list_comp:\u001b[29;9H\u001b[36mprint\u001b[m(\u001b[31m\"Hello Comprehension!#{}\"\u001b[m.format(i))\u001b[31;5Hprint_separator()\u001b[33;5Hsample_dictionary = {\u001b[31m\"english\"\u001b[m: \u001b[31m\"hat\"\u001b[m,\u001b[34;26H\u001b[31m\"french\"\u001b[m: \u001b[31m\"chapeau\"\u001b[m}\u001b[36;5H\u001b[38;5;130mfor\u001b[m k, val \u001b[38;5;130min\u001b[m sample_dictionary.items(): \u001b[36mprint\u001b[m(\u001b[31m\"The word in {} is {}\"\u001b[m.format(k, val))\u001b[38;5Hprint_separator()\u001b[40;5Hfilename = os.path.join(os.getcwd(), \u001b[31m\"message.txt\"\u001b[m)\r\n    \u001b[36mprint\u001b[m(\u001b[31m\"The File is at {}\"\u001b[m.format(filename))\u001b[43;5Hprint_message_from_file(filename)\u001b[45;5Hprint_separator()\r\n\r\n\u001b[38;5;130mif\u001b[m __name__ == \u001b[31m\"__main__\"\u001b[m:\r\n    main()\r\n\u001b[94m~                                                                                                                                           \u001b[50;1H~                                                                                                                               "]
[5.118019, "o", "            \u001b[51;1H~                                                                                                                                           \u001b[52;1H~                                                                                                                                           \u001b[53;1H~                                                                                                                                           \u001b[54;1H~                                                                                                                                           \u001b[55;1H~                                                                                                                                           \u001b[m\u001b[56;123H36,45\u001b[9CAll\u001b[36;45H\u001b[?25h"]
[16.821629, "o", "\u001b[?25l\u001b[56;113H^[\u001b[36;45H"]
[16.921867, "o", "\u001b[56;113H  \u001b[36;45H\u001b[56;113H^[\u001b[36;45H\u0007\u001b[56;113H  \u001b[36;45H\u001b[?25h"]
[16.996612, "o", "\u001b[?25l\u001b[56;113H:\u001b[36;45H\u001b[56;1H\u001b[K\u001b[56;1H:\u001b[?2004h\u001b[?25h"]
[17.249532, "o", "w"]
[17.373142, "o", "q"]
[18.894281, "o", "\r"]
[18.896528, "o", "\u001b[?25l\u001b[?2004l\"main.py\""]
[18.916348, "o", " 48L, 1140C written"]
[18.919497, "o", "\r\u001b[23;2t\u001b[23;1t\r\r\n\u001b[?2004l\u001b[?1l\u001b>\u001b[?25h\u001b[>4;m\u001b[?1049l\u001b[23;0;0t"]
[18.922245, "o", "(base) \u001b]0;stbrown@ironhide: /mnt/c/Users/shawn/Programs/ms-das/test/simple-python-example\u0007\u001b[01;32mstbrown@ironhide\u001b[00m:\u001b[01;34m/mnt/c/Users/shawn/Programs/ms-das/test/simple-python-example\u001b[00m$ "]
[20.445292, "o", "p"]
[20.722267, "o", "y"]
[20.932266, "o", "l"]
[21.253711, "o", "i"]
[21.517165, "o", "n"]
[21.853047, "o", "t"]
[21.990078, "o", " "]
[22.237034, "o", "m"]
[22.388278, "o", "a"]
[22.588808, "o", "i"]
[22.784704, "o", "n"]
[23.068747, "o", "."]
[23.311275, "o", "p"]
[23.972666, "o", "y"]
[24.765934, "o", "\r\n"]
[25.325079, "o", "************* Module main\r\nmain.py:20:0: C0303: Trailing whitespace (trailing-whitespace)\r\n"]
[25.325467, "o", "main.py:26:42: C0326: Exactly one space required after comma\r\n    sample_list_comp = [x for x in range(0,1)]\r\n                                          ^ (bad-whitespace)\r\n"]
[25.327209, "o", "main.py:1:0: C0114: Missing module docstring (missing-module-docstring)\r\n"]
[25.550041, "o", "main.py:3:0: C0116: Missing function or method docstring (missing-function-docstring)\r\n"]
[25.637878, "o", "main.py:9:0: C0116: Missing function or method docstring (missing-function-docstring)\r\n"]
[25.64738, "o", "main.py:12:0: C0116: Missing function or method docstring (missing-function-docstring)\r\n"]
[25.658074, "o", "main.py:26:0: R1721: Unnecessary use of a comprehension (unnecessary-comprehension)\r\n"]
[25.671639, "o", "main.py:36:45: C0321: More than one statement on a single line (multiple-statements)\r\n"]
[25.862384, "o", "\r\n------------------------------------------------------------------\r\nYour code has been rated at 7.33/10 (previous run: 7.33/10, +0.00)\r\n\r\n"]
