{"version": 2, "width": 187, "height": 70, "timestamp": 1630419097, "env": {"SHELL": "/bin/bash", "TERM": "xterm-256color"}}
[4.102075, "o", "\u001b]0;stbrown@ironhide: /mnt/c/Users/shawn\u0007\u001b[01;32mstbrown@ironhide\u001b[00m:\u001b[01;34m/mnt/c/Users/shawn\u001b[00m$ "]
[5.349223, "o", "v"]
[5.485591, "o", "i"]
[5.6455, "o", "r"]
[5.823869, "o", "t"]
[5.948445, "o", "u"]
[6.11697, "o", "a"]
[6.292156, "o", "l"]
[6.652631, "o", "e"]
[6.869362, "o", "n"]
[7.086448, "o", "v"]
[7.341129, "o", " "]
[7.550427, "o", "v"]
[7.709019, "o", "e"]
[7.861105, "o", "n"]
[8.060228, "o", "v"]
[8.300316, "o", "\r\n"]
[14.435427, "o", "created virtual environment CPython3.8.5.final.0-64 in 5791ms\r\n  creator CPython3Posix(dest=/mnt/c/Users/shawn/venv, clear=False, global=False)\r\n  seeder FromAppData(download=False, pip=latest, setuptools=latest, wheel=latest, pkg_resources=latest, via=copy, app_data_dir=/home/stbrown/.local/share/virtualenv/seed-app-data/v1.0.1.debian.1)\r\n  activators BashActivator,CShellActivator,FishActivator,PowerShellActivator,PythonActivator,XonshActivator\r\n"]
[14.477594, "o", "\u001b]0;stbrown@ironhide: /mnt/c/Users/shawn\u0007\u001b[01;32mstbrown@ironhide\u001b[00m:\u001b[01;34m/mnt/c/Users/shawn\u001b[00m$ "]
[15.220911, "o", "l"]
[15.526082, "o", "s"]
[15.805497, "o", " "]
[16.062753, "o", "v"]
[16.310376, "o", "e"]
[16.517143, "o", "n"]
[16.676775, "o", "v"]
[16.894278, "o", "\r\n"]
[16.905491, "o", "\u001b[0m\u001b[34;42mbin\u001b[0m  \u001b[34;42mlib\u001b[0m  \u001b[01;32mpyvenv.cfg\u001b[0m\r\n"]
[16.906085, "o", "\u001b]0;stbrown@ironhide: /mnt/c/Users/shawn\u0007\u001b[01;32mstbrown@ironhide\u001b[00m:\u001b[01;34m/mnt/c/Users/shawn\u001b[00m$ "]
[20.340366, "o", "l"]
[20.662858, "o", "s"]
[20.966535, "o", " "]
[21.237675, "o", "v"]
[21.445239, "o", "e"]
[21.708644, "o", "n"]
[21.965481, "o", "v"]
[22.132313, "o", " "]
[22.548373, "o", "\b\u001b[K"]
[22.76512, "o", "/"]
[22.892497, "o", "b"]
[23.02124, "o", "i"]
[23.09266, "o", "n"]
[23.284353, "o", "\r\n"]
[23.32046, "o", "\u001b[0m\u001b[01;32mactivate\u001b[0m      \u001b[01;32mactivate.fish\u001b[0m  \u001b[01;32mactivate.xsh\u001b[0m      \u001b[01;32measy_install\u001b[0m      \u001b[01;32measy_install3\u001b[0m  \u001b[01;32mpip-3.8\u001b[0m  \u001b[01;32mpip3.8\u001b[0m  \u001b[01;36mpython3\u001b[0m    \u001b[01;32mwheel\u001b[0m      \u001b[01;32mwheel3\u001b[0m\r\n\u001b[01;32mactivate.csh\u001b[0m  \u001b[01;32mactivate.ps1\u001b[0m   \u001b[01;32mactivate_this.py\u001b[0m  \u001b[01;32measy_install-3.8\u001b[0m  \u001b[01;32mpip\u001b[0m            \u001b[01;32mpip3\u001b[0m     \u001b[01;36mpython\u001b[0m  \u001b[01;36mpython3.8\u001b[0m  \u001b[01;32mwheel-3.8\u001b[0m\r\n"]
[23.320924, "o", "\u001b]0;stbrown@ironhide: /mnt/c/Users/shawn\u0007\u001b[01;32mstbrown@ironhide\u001b[00m:\u001b[01;34m/mnt/c/Users/shawn\u001b[00m$ "]
[25.891852, "o", "s"]
[26.140836, "o", "o"]
[26.229259, "o", "u"]
[26.780275, "o", "r"]
[27.120219, "o", "c"]
[27.424003, "o", "e"]
[27.624285, "o", " "]
[28.25645, "o", "v"]
[28.499972, "o", "e"]
[28.701088, "o", "n"]
[28.957731, "o", "v"]
[29.26773, "o", "/"]
[29.491972, "o", "b"]
[29.635922, "o", "i"]
[29.780607, "o", "n"]
[30.038767, "o", "/"]
[30.228481, "o", "a"]
[30.427655, "o", "c"]
[30.636526, "o", "t"]
[30.795247, "o", "i"]
[30.907646, "o", "v"]
[31.052163, "o", "a"]
[31.164289, "o", "t"]
[31.267949, "o", "e"]
[31.477132, "o", "\r\n"]
[31.494906, "o", "(venv) \u001b]0;stbrown@ironhide: /mnt/c/Users/shawn\u0007\u001b[01;32mstbrown@ironhide\u001b[00m:\u001b[01;34m/mnt/c/Users/shawn\u001b[00m$ "]
[32.821056, "o", "w"]
[32.982499, "o", "h"]
[33.076283, "o", "i"]
[33.28406, "o", "c"]
[33.404747, "o", "h"]
[33.508706, "o", " "]
[33.643721, "o", "p"]
[33.852325, "o", "y"]
[34.029756, "o", "t"]
[34.162645, "o", "h"]
[34.291695, "o", "o"]
[34.430684, "o", "n"]
[34.805499, "o", "\r\n"]
[34.812466, "o", "/mnt/c/Users/shawn/venv/bin/python\r\n"]
[34.812688, "o", "(venv) \u001b]0;stbrown@ironhide: /mnt/c/Users/shawn\u0007\u001b[01;32mstbrown@ironhide\u001b[00m:\u001b[01;34m/mnt/c/Users/shawn\u001b[00m$ "]
[35.66934, "o", "w"]
[35.837217, "o", "h"]
[35.940804, "o", "i"]
[36.156682, "o", "c"]
[36.332122, "o", "h"]
[36.573665, "o", " "]
[36.858719, "o", "p"]
[37.083922, "o", "i"]
[37.236253, "o", "p"]
[37.531852, "o", "\r\n"]
[37.53806, "o", "/mnt/c/Users/shawn/venv/bin/pip\r\n"]
[37.538242, "o", "(venv) \u001b]0;stbrown@ironhide: /mnt/c/Users/shawn\u0007\u001b[01;32mstbrown@ironhide\u001b[00m:\u001b[01;34m/mnt/c/Users/shawn\u001b[00m$ "]
[38.851745, "o", "p"]
[39.139585, "o", "i"]
[39.383096, "o", "p"]
[39.912173, "o", " "]
[40.051438, "o", "f"]
[40.22083, "o", "r"]
[40.308778, "o", "e"]
[40.491567, "o", "e"]
[40.773308, "o", "z"]
[40.940274, "o", "e"]
[41.132923, "o", "\r\n"]
[48.996285, "o", "(venv) \u001b]0;stbrown@ironhide: /mnt/c/Users/shawn\u0007\u001b[01;32mstbrown@ironhide\u001b[00m:\u001b[01;34m/mnt/c/Users/shawn\u001b[00m$ "]
[50.91862, "o", "p"]
[51.452802, "o", "i"]
[51.799742, "o", "p"]
[52.0048, "o", " "]
[52.212649, "o", "i"]
[52.373111, "o", "n"]
[52.612017, "o", "s"]
[52.732322, "o", "t"]
[52.94257, "o", "a"]
[53.134006, "o", "l"]
[53.348041, "o", "l"]
[53.5479, "o", " "]
[54.12467, "o", "f"]
[54.348068, "o", "l"]
[54.572654, "o", "a"]
[54.685108, "o", "s"]
[54.884106, "o", "k"]
[55.139912, "o", "\r\n"]
[62.085294, "o", "Collecting flask\r\n"]
[62.089283, "o", "  Using cached Flask-2.0.1-py3-none-any.whl (94 kB)\r\n"]
[62.294768, "o", "Collecting Jinja2>=3.0\r\n"]
[62.297969, "o", "  Using cached Jinja2-3.0.1-py3-none-any.whl (133 kB)\r\n"]
[62.48336, "o", "Collecting itsdangerous>=2.0\r\n"]
[62.487318, "o", "  Using cached itsdangerous-2.0.1-py3-none-any.whl (18 kB)\r\n"]
[62.698137, "o", "Collecting click>=7.1.2\r\n"]
[62.701165, "o", "  Using cached click-8.0.1-py3-none-any.whl (97 kB)\r\n"]
[62.908375, "o", "Collecting Werkzeug>=2.0\r\n"]
[62.912396, "o", "  Using cached Werkzeug-2.0.1-py3-none-any.whl (288 kB)\r\n"]
[63.192512, "o", "Collecting MarkupSafe>=2.0\r\n"]
[63.196046, "o", "  Using cached MarkupSafe-2.0.1-cp38-cp38-manylinux2010_x86_64.whl (30 kB)\r\n"]
[63.320236, "o", "Installing collected packages: MarkupSafe, Jinja2, itsdangerous, click, Werkzeug, flask\r\n"]
[77.755142, "o", "Successfully installed Jinja2-3.0.1 MarkupSafe-2.0.1 Werkzeug-2.0.1 click-8.0.1 flask-2.0.1 itsdangerous-2.0.1\r\n"]
[77.843185, "o", "(venv) \u001b]0;stbrown@ironhide: /mnt/c/Users/shawn\u0007\u001b[01;32mstbrown@ironhide\u001b[00m:\u001b[01;34m/mnt/c/Users/shawn\u001b[00m$ "]
[79.069865, "o", "p"]
[79.365533, "o", "i"]
[79.603576, "o", "p"]
[79.937607, "o", " "]
[80.156335, "o", "f"]
[80.878719, "o", "r"]
[81.133927, "o", "e"]
[81.403589, "o", "e"]
[81.687272, "o", "z"]
[81.915145, "o", "e"]
[82.19647, "o", "\r\n"]
[86.666013, "o", "click==8.0.1\r\nFlask==2.0.1\r\n"]
[86.666235, "o", "itsdangerous==2.0.1\r\nJinja2==3.0.1\r\nMarkupSafe==2.0.1\r\nWerkzeug==2.0.1\r\n"]
[86.728166, "o", "(venv) \u001b]0;stbrown@ironhide: /mnt/c/Users/shawn\u0007\u001b[01;32mstbrown@ironhide\u001b[00m:\u001b[01;34m/mnt/c/Users/shawn\u001b[00m$ "]
[88.966631, "o", "d"]
[89.316589, "o", "e"]
[89.765689, "o", "a"]
[90.316931, "o", "c"]
[90.556639, "o", "t"]
[90.708325, "o", "i"]
[90.907675, "o", "v"]
[91.052525, "o", "a"]
[91.163691, "o", "t"]
[91.278107, "o", "e"]
[92.21303, "o", "\r\n"]
[92.213496, "o", "\u001b]0;stbrown@ironhide: /mnt/c/Users/shawn\u0007\u001b[01;32mstbrown@ironhide\u001b[00m:\u001b[01;34m/mnt/c/Users/shawn\u001b[00m$ "]
